cumulative_proportion,p_value
0.0,0.0
0.001,0.0
0.002,0.0
0.003,0.0
0.004,0.0
0.005,3e-06
0.006,1.7e-05
0.007,6.7e-05
0.008,0.000135
0.009,0.000287
0.01,0.000466
0.011,0.000775
0.012,0.001144
0.013,0.00162
0.014,0.002171
0.015,0.002726
0.016,0.003183
0.017,0.003883
0.018,0.00473
0.019,0.005368
0.02,0.006093
0.021,0.00685
0.022,0.007771
0.023,0.008532
0.024,0.009268
0.025,0.010433
0.026,0.011131
0.027,0.011833
0.028,0.01287
0.029,0.013677
0.03,0.014535
0.031,0.015541
0.032,0.016273
0.033,0.017391
0.034,0.01831
0.035,0.019331
0.036,0.020252
0.037,0.021271
0.038,0.022176
0.039,0.023111
0.04,0.024325
0.041,0.024965
0.042,0.026187
0.043,0.027177
0.044,0.027985
0.045,0.029248
0.046,0.030431
0.047,0.031528
0.048,0.032385
0.049,0.033387
0.05,0.034329
0.051,0.035239
0.052,0.036413
0.053,0.037532
0.054,0.038414
0.055,0.039469
0.056,0.040533
0.057,0.041731
0.058,0.042535
0.059,0.043438
0.06,0.044605
0.061,0.046029
0.062,0.047078
0.063,0.048164
0.064,0.048929
0.065,0.049994
0.066,0.050908
0.067,0.05199
0.068,0.053067
0.069,0.053973
0.07,0.054827
0.071,0.055695
0.072,0.056607
0.073,0.057754
0.074,0.058698
0.075,0.060131
0.076,0.061085
0.077,0.062322
0.078,0.063762
0.079,0.064753
0.08,0.065848
0.081,0.066918
0.082,0.067693
0.083,0.068469
0.084,0.069514
0.085,0.070502
0.086,0.071595
0.087,0.072807
0.088,0.073873
0.089,0.074724
0.09,0.075629
0.091,0.076753
0.092,0.077641
0.093,0.078772
0.094,0.079942
0.095,0.080897
0.096,0.081633
0.097,0.082925
0.098,0.083697
0.099,0.084894
0.1,0.085995
0.101,0.086785
0.102,0.087538
0.103,0.088798
0.104,0.089553
0.105,0.090395
0.106,0.09152
0.107,0.092599
0.108,0.093604
0.109,0.094269
0.11,0.095331
0.111,0.09632
0.112,0.096942
0.113,0.098056
0.114,0.099016
0.115,0.100357
0.116,0.101166
0.117,0.10218
0.118,0.103305
0.119,0.104208
0.12,0.104811
0.121,0.105791
0.122,0.106876
0.123,0.108093
0.124,0.109287
0.125,0.110668
0.126,0.111896
0.127,0.113051
0.128,0.113879
0.129,0.115099
0.13,0.115927
0.131,0.116741
0.132,0.117804
0.133,0.118985
0.134,0.120292
0.135,0.121296
0.136,0.122135
0.137,0.122942
0.138,0.12414
0.139,0.125055
0.14,0.12671
0.141,0.12744
0.142,0.128264
0.143,0.129216
0.144,0.129843
0.145,0.130902
0.146,0.131767
0.147,0.1328
0.148,0.133656
0.149,0.13444
0.15,0.135558
0.151,0.13679
0.152,0.138324
0.153,0.139334
0.154,0.140378
0.155,0.141529
0.156,0.142558
0.157,0.143623
0.158,0.144676
0.159,0.145645
0.16,0.146631
0.161,0.1477
0.162,0.149013
0.163,0.150244
0.164,0.151543
0.165,0.152633
0.166,0.153353
0.167,0.154503
0.168,0.155705
0.169,0.156858
0.17,0.157499
0.171,0.158762
0.172,0.159781
0.173,0.160602
0.174,0.161477
0.175,0.162483
0.176,0.163179
0.177,0.163984
0.178,0.165052
0.179,0.165728
0.18,0.166919
0.181,0.167946
0.182,0.169115
0.183,0.170361
0.184,0.171167
0.185,0.172276
0.186,0.172953
0.187,0.174033
0.188,0.175244
0.189,0.176473
0.19,0.177621
0.191,0.178912
0.192,0.180382
0.193,0.181182
0.194,0.182101
0.195,0.182834
0.196,0.184098
0.197,0.184953
0.198,0.186224
0.199,0.187137
0.2,0.187933
0.201,0.189032
0.202,0.190055
0.203,0.191126
0.204,0.192117
0.205,0.193009
0.206,0.194208
0.207,0.195103
0.208,0.196034
0.209,0.197233
0.21,0.19809
0.211,0.198916
0.212,0.200098
0.213,0.200747
0.214,0.20162
0.215,0.202617
0.216,0.203953
0.217,0.205432
0.218,0.206358
0.219,0.20771
0.22,0.209039
0.221,0.210079
0.222,0.211452
0.223,0.212656
0.224,0.213958
0.225,0.214799
0.226,0.215844
0.227,0.217126
0.228,0.21819
0.229,0.218932
0.23,0.219982
0.231,0.221318
0.232,0.222451
0.233,0.223317
0.234,0.2242
0.235,0.225519
0.236,0.226389
0.237,0.227171
0.238,0.228156
0.239,0.229082
0.24,0.230012
0.241,0.231359
0.242,0.232229
0.243,0.233633
0.244,0.234754
0.245,0.235712
0.246,0.236504
0.247,0.237519
0.248,0.238893
0.249,0.239606
0.25,0.240793
0.251,0.242011
0.252,0.243029
0.253,0.244673
0.254,0.245684
0.255,0.24706
0.256,0.248285
0.257,0.249601
0.258,0.250483
0.259,0.251754
0.26,0.253244
0.261,0.254684
0.262,0.255991
0.263,0.257452
0.264,0.258702
0.265,0.25956
0.266,0.260268
0.267,0.261674
0.268,0.262829
0.269,0.264078
0.27,0.2647
0.271,0.266151
0.272,0.267016
0.273,0.268402
0.274,0.269305
0.275,0.270376
0.276,0.271513
0.277,0.272398
0.278,0.273587
0.279,0.274392
0.28,0.275662
0.281,0.276939
0.282,0.27785
0.283,0.278636
0.284,0.279756
0.285,0.281351
0.286,0.282435
0.287,0.283437
0.288,0.284416
0.289,0.285577
0.29,0.286348
0.291,0.287743
0.292,0.288798
0.293,0.290016
0.294,0.291021
0.295,0.291919
0.296,0.292712
0.297,0.294439
0.298,0.295774
0.299,0.296862
0.3,0.297912
0.301,0.298935
0.302,0.29961
0.303,0.300775
0.304,0.301524
0.305,0.302585
0.306,0.303459
0.307,0.304431
0.308,0.305193
0.309,0.306281
0.31,0.307236
0.311,0.308494
0.312,0.309709
0.313,0.310538
0.314,0.311424
0.315,0.312354
0.316,0.313308
0.317,0.314165
0.318,0.315511
0.319,0.316828
0.32,0.317818
0.321,0.319591
0.322,0.320517
0.323,0.321385
0.324,0.322325
0.325,0.323435
0.326,0.32466
0.327,0.325532
0.328,0.326819
0.329,0.328191
0.33,0.329222
0.331,0.330125
0.332,0.331634
0.333,0.332711
0.334,0.333663
0.335,0.334316
0.336,0.335317
0.337,0.336377
0.338,0.337049
0.339,0.338091
0.34,0.338929
0.341,0.339917
0.342,0.341075
0.343,0.342272
0.344,0.343259
0.345,0.344262
0.346,0.345239
0.347,0.346164
0.348,0.347568
0.349,0.348447
0.35,0.349412
0.351,0.350574
0.352,0.351504
0.353,0.352551
0.354,0.353562
0.355,0.354885
0.356,0.355803
0.357,0.356918
0.358,0.358067
0.359,0.358927
0.36,0.360223
0.361,0.361012
0.362,0.361986
0.363,0.362847
0.364,0.363356
0.365,0.364549
0.366,0.365392
0.367,0.366307
0.368,0.367191
0.369,0.368277
0.37,0.36954
0.371,0.370746
0.372,0.371902
0.373,0.372449
0.374,0.373372
0.375,0.374175
0.376,0.37556
0.377,0.376724
0.378,0.377475
0.379,0.378617
0.38,0.380128
0.381,0.381276
0.382,0.382431
0.383,0.383447
0.384,0.384689
0.385,0.385663
0.386,0.386585
0.387,0.388019
0.388,0.388901
0.389,0.390436
0.39,0.391217
0.391,0.392095
0.392,0.393065
0.393,0.394371
0.394,0.395777
0.395,0.39682
0.396,0.397663
0.397,0.398778
0.398,0.400349
0.399,0.401476
0.4,0.402773
0.401,0.403938
0.402,0.405211
0.403,0.40596
0.404,0.406976
0.405,0.408421
0.406,0.409837
0.407,0.410496
0.408,0.411678
0.409,0.412892
0.41,0.414416
0.411,0.415422
0.412,0.416507
0.413,0.417914
0.414,0.418869
0.415,0.420303
0.416,0.421408
0.417,0.422394
0.418,0.423711
0.419,0.424982
0.42,0.426412
0.421,0.427469
0.422,0.428645
0.423,0.429216
0.424,0.430573
0.425,0.431871
0.426,0.432868
0.427,0.434102
0.428,0.435217
0.429,0.43633
0.43,0.437333
0.431,0.438454
0.432,0.439264
0.433,0.440338
0.434,0.441104
0.435,0.442075
0.436,0.443356
0.437,0.444374
0.438,0.44507
0.439,0.445964
0.44,0.447152
0.441,0.447978
0.442,0.44903
0.443,0.450204
0.444,0.451086
0.445,0.45225
0.446,0.45323
0.447,0.454535
0.448,0.455915
0.449,0.456707
0.45,0.457949
0.451,0.459167
0.452,0.460568
0.453,0.461325
0.454,0.462198
0.455,0.4633
0.456,0.464607
0.457,0.465673
0.458,0.466258
0.459,0.467649
0.46,0.468559
0.461,0.46942
0.462,0.470568
0.463,0.471775
0.464,0.472685
0.465,0.473949
0.466,0.47512
0.467,0.476552
0.468,0.477778
0.469,0.478893
0.47,0.479982
0.471,0.480893
0.472,0.481963
0.473,0.483007
0.474,0.483952
0.475,0.484848
0.476,0.486088
0.477,0.487105
0.478,0.488073
0.479,0.489111
0.48,0.489749
0.481,0.490882
0.482,0.491786
0.483,0.492733
0.484,0.493714
0.485,0.494887
0.486,0.495876
0.487,0.496758
0.488,0.497555
0.489,0.498479
0.49,0.499191
0.491,0.500186
0.492,0.501058
0.493,0.501935
0.494,0.502787
0.495,0.504137
0.496,0.504978
0.497,0.506249
0.498,0.507293
0.499,0.508102
0.5,0.509128
0.501,0.510165
0.502,0.511318
0.503,0.512335
0.504,0.513223
0.505,0.514346
0.506,0.51553
0.507,0.516416
0.508,0.517516
0.509,0.518756
0.51,0.519671
0.511,0.520798
0.512,0.521492
0.513,0.522844
0.514,0.523692
0.515,0.524658
0.516,0.525509
0.517,0.526806
0.518,0.527596
0.519,0.528602
0.52,0.529342
0.521,0.530447
0.522,0.531063
0.523,0.532222
0.524,0.532863
0.525,0.533813
0.526,0.534802
0.527,0.53574
0.528,0.537219
0.529,0.53851
0.53,0.539656
0.531,0.540476
0.532,0.541402
0.533,0.542876
0.534,0.543604
0.535,0.544249
0.536,0.545696
0.537,0.546716
0.538,0.547979
0.539,0.549001
0.54,0.550144
0.541,0.551099
0.542,0.552517
0.543,0.553299
0.544,0.554112
0.545,0.554997
0.546,0.55586
0.547,0.556733
0.548,0.558071
0.549,0.558888
0.55,0.560052
0.551,0.561159
0.552,0.562302
0.553,0.563355
0.554,0.564665
0.555,0.566019
0.556,0.567028
0.557,0.568356
0.558,0.569951
0.559,0.570486
0.56,0.5719
0.561,0.572883
0.562,0.573922
0.563,0.575019
0.564,0.576056
0.565,0.577234
0.566,0.578473
0.567,0.579387
0.568,0.580645
0.569,0.581988
0.57,0.582756
0.571,0.583531
0.572,0.584898
0.573,0.585892
0.574,0.587073
0.575,0.588338
0.576,0.589195
0.577,0.590152
0.578,0.591254
0.579,0.592459
0.58,0.59349
0.581,0.594485
0.582,0.59546
0.583,0.596678
0.584,0.59787
0.585,0.599179
0.586,0.600445
0.587,0.601395
0.588,0.602598
0.589,0.603958
0.59,0.604952
0.591,0.60621
0.592,0.607387
0.593,0.60815
0.594,0.6093
0.595,0.610422
0.596,0.611225
0.597,0.612241
0.598,0.6133
0.599,0.614276
0.6,0.615617
0.601,0.616159
0.602,0.617166
0.603,0.618427
0.604,0.61985
0.605,0.621027
0.606,0.622422
0.607,0.623348
0.608,0.624219
0.609,0.625379
0.61,0.626989
0.611,0.627983
0.612,0.629146
0.613,0.629947
0.614,0.630727
0.615,0.631594
0.616,0.632649
0.617,0.633681
0.618,0.634851
0.619,0.635887
0.62,0.636814
0.621,0.638016
0.622,0.63893
0.623,0.63985
0.624,0.640962
0.625,0.642471
0.626,0.644138
0.627,0.64499
0.628,0.646036
0.629,0.647159
0.63,0.648399
0.631,0.649525
0.632,0.650716
0.633,0.651869
0.634,0.65319
0.635,0.654077
0.636,0.655191
0.637,0.655917
0.638,0.657141
0.639,0.658188
0.64,0.659388
0.641,0.660519
0.642,0.661626
0.643,0.662687
0.644,0.664092
0.645,0.664945
0.646,0.666221
0.647,0.666913
0.648,0.668085
0.649,0.669005
0.65,0.670186
0.651,0.671636
0.652,0.672828
0.653,0.67408
0.654,0.675576
0.655,0.676342
0.656,0.67763
0.657,0.678535
0.658,0.679542
0.659,0.680572
0.66,0.681602
0.661,0.682816
0.662,0.684018
0.663,0.685137
0.664,0.686329
0.665,0.687207
0.666,0.688427
0.667,0.689579
0.668,0.690623
0.669,0.691799
0.67,0.693289
0.671,0.694123
0.672,0.695205
0.673,0.696289
0.674,0.697078
0.675,0.698185
0.676,0.699406
0.677,0.700793
0.678,0.701942
0.679,0.70344
0.68,0.704854
0.681,0.705812
0.682,0.707245
0.683,0.708588
0.684,0.70981
0.685,0.711309
0.686,0.712528
0.687,0.71374
0.688,0.714774
0.689,0.715874
0.69,0.716886
0.691,0.718134
0.692,0.719897
0.693,0.720898
0.694,0.72217
0.695,0.723168
0.696,0.724148
0.697,0.725425
0.698,0.726374
0.699,0.727538
0.7,0.728464
0.701,0.729779
0.702,0.730992
0.703,0.732334
0.704,0.733635
0.705,0.734651
0.706,0.735206
0.707,0.736046
0.708,0.737214
0.709,0.738083
0.71,0.739025
0.711,0.739802
0.712,0.741324
0.713,0.742115
0.714,0.743259
0.715,0.744433
0.716,0.745444
0.717,0.746505
0.718,0.74778
0.719,0.7488
0.72,0.75011
0.721,0.751305
0.722,0.752627
0.723,0.753602
0.724,0.754559
0.725,0.755435
0.726,0.75681
0.727,0.758178
0.728,0.759325
0.729,0.760095
0.73,0.761431
0.731,0.762591
0.732,0.763738
0.733,0.764628
0.734,0.765848
0.735,0.767208
0.736,0.768262
0.737,0.769536
0.738,0.770561
0.739,0.772097
0.74,0.773211
0.741,0.774563
0.742,0.775432
0.743,0.776231
0.744,0.778005
0.745,0.779228
0.746,0.780158
0.747,0.781451
0.748,0.782377
0.749,0.783574
0.75,0.784552
0.751,0.785594
0.752,0.786809
0.753,0.787917
0.754,0.788792
0.755,0.789769
0.756,0.790657
0.757,0.792495
0.758,0.793482
0.759,0.794741
0.76,0.796324
0.761,0.797418
0.762,0.798508
0.763,0.799759
0.764,0.801078
0.765,0.801785
0.766,0.802594
0.767,0.803516
0.768,0.804551
0.769,0.805893
0.77,0.807285
0.771,0.808139
0.772,0.809669
0.773,0.811001
0.774,0.812187
0.775,0.813522
0.776,0.814583
0.777,0.815923
0.778,0.817725
0.779,0.818776
0.78,0.819954
0.781,0.820733
0.782,0.822115
0.783,0.82313
0.784,0.824587
0.785,0.825996
0.786,0.827491
0.787,0.828719
0.788,0.8298
0.789,0.830981
0.79,0.832015
0.791,0.833752
0.792,0.835003
0.793,0.836449
0.794,0.838162
0.795,0.839738
0.796,0.841027
0.797,0.84238
0.798,0.844031
0.799,0.84533
0.8,0.846457
0.801,0.847857
0.802,0.849292
0.803,0.850873
0.804,0.851947
0.805,0.852957
0.806,0.853955
0.807,0.855797
0.808,0.856838
0.809,0.858564
0.81,0.859639
0.811,0.860617
0.812,0.862065
0.813,0.863686
0.814,0.865098
0.815,0.866714
0.816,0.868537
0.817,0.86997
0.818,0.871559
0.819,0.87301
0.82,0.874773
0.821,0.876969
0.822,0.878544
0.823,0.879847
0.824,0.88168
0.825,0.883614
0.826,0.885246
0.827,0.886237
0.828,0.887819
0.829,0.889295
0.83,0.890809
0.831,0.892508
0.832,0.894468
0.833,0.896189
0.834,0.897917
0.835,0.899417
0.836,0.900372
0.837,0.901526
0.838,0.90269
0.839,0.904136
0.84,0.905828
0.841,0.907267
0.842,0.908772
0.843,0.910028
0.844,0.911349
0.845,0.912731
0.846,0.914524
0.847,0.916001
0.848,0.917909
0.849,0.919466
0.85,0.921081
0.851,0.922885
0.852,0.924655
0.853,0.926599
0.854,0.928084
0.855,0.929299
0.856,0.930071
0.857,0.93159
0.858,0.933006
0.859,0.934483
0.86,0.936182
0.861,0.937757
0.862,0.939093
0.863,0.940661
0.864,0.942205
0.865,0.943809
0.866,0.944987
0.867,0.946374
0.868,0.948109
0.869,0.950353
0.87,0.952551
0.871,0.954119
0.872,0.955395
0.873,0.95733
0.874,0.959452
0.875,0.960957
0.876,0.963155
0.877,0.96482
0.878,0.96629
0.879,0.967912
0.88,0.969977
0.881,0.971851
0.882,0.973469
0.883,0.975795
0.884,0.978186
0.885,0.980441
0.886,0.983257
0.887,0.985376
0.888,0.987219
0.889,0.989897
0.89,0.9925
0.891,0.995087
0.892,0.998796
0.893,1.0
0.894,1.0
0.895,1.0
0.896,1.0
0.897,1.0
0.898,1.0
0.899,1.0
0.9,1.0
0.901,1.0
0.902,1.0
0.903,1.0
0.904,1.0
0.905,1.0
0.906,1.0
0.907,1.0
0.908,1.0
0.909,1.0
0.91,1.0
0.911,1.0
0.912,1.0
0.913,1.0
0.914,1.0
0.915,1.0
0.916,1.0
0.917,1.0
0.918,1.0
0.919,1.0
0.92,1.0
0.921,1.0
0.922,1.0
0.923,1.0
0.924,1.0
0.925,1.0
0.926,1.0
0.927,1.0
0.928,1.0
0.929,1.0
0.93,1.0
0.931,1.0
0.932,1.0
0.933,1.0
0.934,1.0
0.935,1.0
0.936,1.0
0.937,1.0
0.938,1.0
0.939,1.0
0.94,1.0
0.941,1.0
0.942,1.0
0.943,1.0
0.944,1.0
0.945,1.0
0.946,1.0
0.947,1.0
0.948,1.0
0.949,1.0
0.95,1.0
0.951,1.0
0.952,1.0
0.953,1.0
0.954,1.0
0.955,1.0
0.956,1.0
0.957,1.0
0.958,1.0
0.959,1.0
0.96,1.0
0.961,1.0
0.962,1.0
0.963,1.0
0.964,1.0
0.965,1.0
0.966,1.0
0.967,1.0
0.968,1.0
0.969,1.0
0.97,1.0
0.971,1.0
0.972,1.0
0.973,1.0
0.974,1.0
0.975,1.0
0.976,1.0
0.977,1.0
0.978,1.0
0.979,1.0
0.98,1.0
0.981,1.0
0.982,1.0
0.983,1.0
0.984,1.0
0.985,1.0
0.986,1.0
0.987,1.0
0.988,1.0
0.989,1.0
0.99,1.0
0.991,1.0
0.992,1.0
0.993,1.0
0.994,1.0
0.995,1.0
0.996,1.0
0.997,1.0
0.998,1.0
0.999,1.0
1.0,1.0
